{
  "contention": {
    "num_nodes": 30,
    "total_time_sec": 7.277040481567383,
    "successful_nodes": 30,
    "failed_nodes": 0,
    "avg_node_time_sec": 5.026678474744161,
    "total_throughput_samples_per_sec": 1912.022706344288,
    "node_results": {
      "15": {
        "status": "completed",
        "time_sec": 4.69740104675293,
        "throughput": 68.12277615112285
      },
      "29": {
        "status": "completed",
        "time_sec": 4.723569869995117,
        "throughput": 67.74537242111987
      },
      "1": {
        "status": "completed",
        "time_sec": 4.726424932479858,
        "throughput": 67.70444989001498
      },
      "13": {
        "status": "completed",
        "time_sec": 4.7250494956970215,
        "throughput": 67.72415829536084
      },
      "27": {
        "status": "completed",
        "time_sec": 4.789422512054443,
        "throughput": 66.81390067270023
      },
      "19": {
        "status": "completed",
        "time_sec": 4.8498451709747314,
        "throughput": 65.98148780400875
      },
      "23": {
        "status": "completed",
        "time_sec": 4.920242786407471,
        "throughput": 65.0374410149075
      },
      "5": {
        "status": "completed",
        "time_sec": 4.927587270736694,
        "throughput": 64.94050382433079
      },
      "21": {
        "status": "completed",
        "time_sec": 4.929489612579346,
        "throughput": 64.91544260148275
      },
      "9": {
        "status": "completed",
        "time_sec": 4.933985948562622,
        "throughput": 64.85628522983998
      },
      "17": {
        "status": "completed",
        "time_sec": 4.9733476638793945,
        "throughput": 64.34297813605659
      },
      "25": {
        "status": "completed",
        "time_sec": 4.976236343383789,
        "throughput": 64.30562736945957
      },
      "11": {
        "status": "completed",
        "time_sec": 4.9931371212005615,
        "throughput": 64.0879655880667
      },
      "22": {
        "status": "completed",
        "time_sec": 5.000442743301392,
        "throughput": 63.99433338751313
      },
      "7": {
        "status": "completed",
        "time_sec": 5.054663896560669,
        "throughput": 63.30786903907433
      },
      "3": {
        "status": "completed",
        "time_sec": 5.104506492614746,
        "throughput": 62.68970378683608
      },
      "6": {
        "status": "completed",
        "time_sec": 5.075856924057007,
        "throughput": 63.04354216198669
      },
      "14": {
        "status": "completed",
        "time_sec": 5.166150808334351,
        "throughput": 61.941668346916316
      },
      "8": {
        "status": "completed",
        "time_sec": 5.116749286651611,
        "throughput": 62.53970676945308
      },
      "26": {
        "status": "completed",
        "time_sec": 5.15181303024292,
        "throughput": 62.11405540563867
      },
      "0": {
        "status": "completed",
        "time_sec": 5.155946731567383,
        "throughput": 62.06425641304513
      },
      "10": {
        "status": "completed",
        "time_sec": 5.168520212173462,
        "throughput": 61.91327243846336
      },
      "18": {
        "status": "completed",
        "time_sec": 5.1964497566223145,
        "throughput": 61.58050495767702
      },
      "12": {
        "status": "completed",
        "time_sec": 5.200187921524048,
        "throughput": 61.536237695466944
      },
      "28": {
        "status": "completed",
        "time_sec": 5.202378511428833,
        "throughput": 61.51032634342325
      },
      "20": {
        "status": "completed",
        "time_sec": 5.197681188583374,
        "throughput": 61.56591533603004
      },
      "2": {
        "status": "completed",
        "time_sec": 5.210920095443726,
        "throughput": 61.40950046035028
      },
      "4": {
        "status": "completed",
        "time_sec": 5.207267999649048,
        "throughput": 61.452569758569545
      },
      "16": {
        "status": "completed",
        "time_sec": 5.211101293563843,
        "throughput": 61.407365156234334
      },
      "24": {
        "status": "completed",
        "time_sec": 5.213977575302124,
        "throughput": 61.37348988913854
      }
    }
  }
}