{
  "round_latency": {
    "num_rounds": 5,
    "num_nodes": 20,
    "avg_round_latency_sec": 3.5875573635101317,
    "std_round_latency_sec": 0.8303978396355077,
    "min_round_latency_sec": 3.152285575866699,
    "max_round_latency_sec": 5.248002767562866,
    "updates_per_sec": 5.574823751509755
  }
}